{"AAVEBTC": 0.00408357, "ADABTC": 2.843e-05, "AERGOBTC": 4.84e-06, "ANTBTC": 0.00014161, "AOABTC": 4e-08, "ASTBTC": 4.53e-06, "BANDBTC": 9.467e-05, "BATBTC": 2.287e-05, "BCHBTC": 0.0079909, "BNTBTC": 6.35e-05, "BTGBTC": 0.000777, "CHZBTC": 4.87e-06, "CRVBTC": 7.906e-05, "CVCBTC": 6.59e-06, "DASHBTC": 0.00255448, "DATABTC": 2.03e-06, "DOGEBTC": 3.9e-06, "ENJBTC": 4.417e-05, "EOSBTC": 6.108e-05, "ETHBTC": 0.06732104, "FETBTC": 1.387e-05, "FTMBTC": 5.912e-05, "GNOBTC": 0.007334, "GRTBTC": 1.12e-05, "GTOBTC": 9.7e-07, "HBARBTC": 5.79e-06, "KEYBTC": 2e-07, "KNCBTC": 5.031e-05, "LBABTC": 9e-08, "LINKBTC": 0.00041747, "LOOMBTC": 1.67e-06, "LRCBTC": 2.735e-05, "LTCBTC": 0.00296602, "MATICBTC": 4.459e-05, "MITHBTC": 9.1e-07, "MKRBTC": 0.04685623, "MTLBTC": 3.802e-05, "NEXOBTC": 4.902e-05, "OCEANBTC": 1.515e-05, "OMGBTC": 0.0001186, "ONEINCHBTC": 4.437e-05, "POLYBTC": 1.012e-05, "POWRBTC": 1.436e-05, "PPTBTC": 7.44e-06, "RDNBTC": 4.05e-06, "REPBTC": 0.000343, "RVNBTC": 1.81e-06, "SANDBTC": 9.358e-05, "SNTBTC": 1.29e-06, "STORJBTC": 3.055e-05, "STXBTC": 3.833e-05, "SUSHIBTC": 0.00011386, "SXPBTC": 3.627e-05, "UNIBTC": 0.0002935, "WBTCBTC": 0.99918166, "XLMBTC": 5.4e-06, "XMRBTC": 0.003999, "XRPBTC": 1.671e-05, "YFIBTC": 0.65919888, "ZECBTC": 0.00245265, "ZRXBTC": 1.479e-05}