{"1INCH-EUR": 2.556, "AAVE-EUR": 306.255, "ADA-EUR": 1.9762, "ALCX-EUR": 167.26, "ALGO-EUR": 0.7912, "ANKR-EUR": 0.07323, "ARPA-EUR": 0.0881, "ATOM-EUR": 19.03, "AUCTION-EUR": 22.11, "AVAX-EUR": 96.68, "AXS-EUR": 56.76, "BADGER-EUR": 14.38, "BAND-EUR": 6.5474, "BAT-EUR": 0.61, "BCH-EUR": 522.99, "BICO-EUR": 3.18, "BNT-EUR": 3.4108, "BTC-EUR": 38079.91, "BTRST-EUR": 3.62, "CGLD-EUR": 2.4983, "CHZ-EUR": 0.2835, "CLV-EUR": 0.7, "CRO-EUR": 0.4613, "CRV-EUR": 1.6961, "CTX-EUR": 9.2, "DDX-EUR": 4.08, "DESO-EUR": 73.86, "DIA-EUR": 1.03, "DOGE-EUR": 0.2364, "DOT-EUR": 19.119, "ENS-EUR": 37.03, "EOS-EUR": 4.01, "ETC-EUR": 47.01, "ETH-EUR": 2583.13, "FIDA-EUR": 2.05, "FIL-EUR": 52.1641, "FORTH-EUR": 11.851, "GALA-EUR": 0.39487, "GRT-EUR": 0.7484, "ICP-EUR": 48.255, "IOTX-EUR": 0.07159, "KRL-EUR": 1.1488, "LCX-EUR": 0.1296, "LINK-EUR": 21.7714, "LQTY-EUR": 2.88, "LTC-EUR": 143.55, "MANA-EUR": 0.666, "MASK-EUR": 5.37, "MATIC-EUR": 1.1418, "MIR-EUR": 2.971, "NCT-EUR": 0.05648, "NKN-EUR": 0.3102, "NMR-EUR": 34.0, "NU-EUR": 0.2342, "OMG-EUR": 4.702, "PERP-EUR": 8.1, "POWR-EUR": 0.3903, "RAD-EUR": 8.4, "REQ-EUR": 0.1673, "RLY-EUR": 0.4481, "RNDR-EUR": 3.39, "SHIB-EUR": 2.78e-05, "SHPING-EUR": 0.034, "SKL-EUR": 0.3301, "SNX-EUR": 11.63, "SOL-EUR": 37.057, "SUKU-EUR": 0.439, "SUSHI-EUR": 9.413, "TRAC-EUR": 0.9513, "TRU-EUR": 0.5518, "UMA-EUR": 10.153, "UNI-EUR": 13.73, "USDC-EUR": 0.848, "USDT-EUR": 0.8491, "UST-EUR": 0.851, "VGX-EUR": 2.75, "WCFG-EUR": 0.87, "WLUNA-EUR": 14.57, "XLM-EUR": 0.293952, "XTZ-EUR": 2.95216, "XYO-EUR": 0.028374, "ZRX-EUR": 0.855874}